<?xml version="1.0" encoding="utf-8" standalone="no" ?>
<placeable>
    <storeData>
        <name>$l10n_GlobalCompanyPlaceable_PlaceableDisplay_shopItem_big</name>
        <functions>
            <function>$l10n_GlobalCompanyPlaceable_PlaceableDisplay_function_big</function>
        </functions>
        <image>store_digitalDisplayBig.dds</image>
        <price>4500</price>
        <lifetime>1000</lifetime>
        <dailyUpkeep>5</dailyUpkeep>
        <rotation>0</rotation>
        <brand>GCPLACEABLE</brand>
        <species>placeable</species>
        <category>globalCompanyPlaceable</category>
        <vertexBufferMemoryUsage>180404</vertexBufferMemoryUsage>
        <indexBufferMemoryUsage>32964</indexBufferMemoryUsage>
        <textureMemoryUsage>5680200</textureMemoryUsage>
        <instanceVertexBufferMemoryUsage>0</instanceVertexBufferMemoryUsage>
        <instanceIndexBufferMemoryUsage>0</instanceIndexBufferMemoryUsage>
    </storeData>

    <placeableType>GC_PlaceableDigitalDisplayPlaceable</placeableType>
    <filename>display_big.i3d</filename>
    <placement testSizeX="4" testSizeZ="2" sizeX="3" sizeZ="1" useRandomYRotation="false" useManualYRotation="true" />

    <digitalDisplays>
        <digitalDisplay indexName="DigitalDisplayBig" saveId="globalCompany_digitalDisplayBig">
            <lines>
                <line node="line1" />
                <line node="line2" />
                <line node="line3" />
                <line node="line4" />
                <line node="line5" />
                <line node="line6" />
            </lines>
            <playerTrigger playerTriggerNode="Playertrigger" />
            <i3dMappings>
                <i3dMapping id="Playertrigger" node="0"/>
                <i3dMapping id="line1" node="1"/>
                <i3dMapping id="line2" node="2"/>
                <i3dMapping id="line3" node="3"/>
                <i3dMapping id="line4" node="4"/>
                <i3dMapping id="line5" node="5"/>
                <i3dMapping id="line6" node="6"/>
            </i3dMappings>
        </digitalDisplay>
    </digitalDisplays>
    
    <tipOcclusionUpdateArea sizeX="3" sizeZ="1" />
</placeable>