﻿<?xml version="1.0" encoding="utf-8" standalone="no" ?>
<modDesc descVersion="44">
    <author>LsModcompany / kevink98</author>
    <version>1.0.0.0</version>
    <title>
        <en>GlobalCompany - Digital Display</en>
        <de>GlobalCompany - Digitale Anzeige</de>
    </title>
    <description>
        <en><![CDATA[
        

Information: Mod only playable in combination with GlobalCompany!]]></en>
        <de><![CDATA[
        

Information: Mod nur in Verbindung mit GlobalCompany spielbar!]]></de>
    </description>
    <iconFilename>icon_placeableDisplays.dds</iconFilename>
    <multiplayer supported="true" />

    <storeItems>
        <storeItem xmlFilename="digitalDisplay_small.xml" />
        <storeItem xmlFilename="digitalDisplay_big.xml" />
    </storeItems>
	
	<extraSourceFiles>
		<sourceFile filename="GC_Checker.lua" />
    </extraSourceFiles>
    
    <brands>
        <brand name="GCPLACEABLE" title="GlobalCompany Placeable" image="../FS19_GlobalCompany/brand_placeable.dds"/>
    </brands>
	<globalCompany minimumVersion="1.1.0.0" />
</modDesc>